name,price
,Mr. Manuel Mcfarland Jr.
,Mr. Brian Bradley
,Mr. Trevor Smith
,Mr. Tracy Davis MD
,Mr. Jake Ortiz
,Mr. James Gay
,Mr. Kenneth Robinson
,Mr. James Kaiser
,Mr. Anthony Dixon
,Mr. Eddie Hendrix DDS
,Mr. Gregory Horn
,Mr. Donald Sanchez
,Mr. Tyler Love
,Mr. Joseph Scott
,Mr. David Jones
,Mr. Robert Spence
,Mr. Jesse Hawkins Jr.
,Mr. Paul Pope
,Mr. Charles Arroyo
,Mr. Alex Zamora
,Mr. Michael Evans
,Mr. Matthew Bailey MD
,Mr. Michael Vaughn
,Mr. Billy Morgan
,Mr. Michael Frey
,Mr. Jack Morales
,Mr. Michael Garcia
,Mr. Michael Brown
,Mr. Paul Porter MD
,Mr. Steven Hayes DDS
,Mr. Thomas Guzman
,Mr. Michael Maynard
,Mr. Christopher Mann PhD
,Mr. Jeffrey King
,Mr. Harold Reese PhD
,Mr. Justin Suarez
,Mr. Paul Walker
,Mr. Allen Hernandez
,Mr. Joshua Simmons
